apellido1;apellido2;Nombre;mail
Labuchaga;;Marcelo;Labuchaga_Marcelo@aca.org.ar
Alonso;;Marcela;Alonso_Marcela@aca.org.ar
Masso;;Debora;Masso_Debora@aca.org.ar
Luna;;Mar�a;Luna_Maria@aca.org.ar
Damario;;Jorge;Damario_Jorge@aca.org.ar
Ferreiro;;Fernando;Ferreiro_Fernando@aca.org.ar
Paol;;Jos�;Paol_Jose@aca.org.ar
Laiaccono;;Oscar;Laiaccono_Oscar@aca.org.ar
Hassan;;Paula;Hassan_Paula@aca.org.ar
Torga;;Elizabeth;Torga_Elizabeth@aca.org.ar
Beyne;;Romina;Beyne_Romina@aca.org.ar
