apellido1;apellido2;Nombre;mail
Biancari;Bruno;866128;bruno_bianca@hotmail.com
Fogolin;Gisel;827733;giselfogolin@hotmail.com
Veron;Francisco;866263;francisco.veron89@gmail.com
Cicacilli Gabutti;Jorge;783780;jorge_cic@hotmail.com
Pressiani;Maximiliano;866494;roy_maxi@hotmail.com
Burgi;Juan Pablo;866333;jpburgi@hotmail.com
Giraudo;Facundo;777446;facugiraudo7@hotmail.com
