NOMBRE;APELLIDO1;EMAIL
Angela; Ca�ellas;angela.canellas@hotmail.com
Angel ;Salgado ;salgadomoreno@gmail.com 
Marta ;Sainz de los Terreros;martasainzterreros@gmail.com 
Alba ;Palac�n;albapalacin@hotmail.com
Raquel;Aparicio;rachel20ap@hotmail.com
Marc ;Llull;marc.llull.bergas@gmail.com
Javier ;Moreno;jmorenogc@gmail.com
Ignacio ;Hierro;ignaciohsm@gmail.com
Ignacio;Lozano;ilozanohuidobro@gmail.com
Zara ;Marquez;zara.m.f@hotmail.com
