NOMBRE;APELLIDO;CORREO
Estanislao ;Ramirez;estanislaor@hotmail.com
Laura;Lopez Rubio;laura_lr89@hotmail.com
Maria Juan ;Cuencas;mariajucu@hotmail.com
Francesca ;Tonelli;frenxy123@hotmail.com
Borja ;Prim ;borja_a_secas10@hotmail.com
Maria Angeles ;Bennasser;m_angels_11@hotmail.com
Ana; Vidal;ana_vidal_100@hotmail.com
Sandra; Bordoy;sandrabordoy@hotmail.com
Francisco ;Perez;pacoperezperez@telefonica.net
Consuelo ;Guti�rrez;consu_gm@hotmail.com
Marc ;Antoni Gual;gualmarc@gmail.com
