"NOMBRE;APELLIDO;EMAIL"
"Luis Felipe;Rodr�guez;lfrodriguez@decopharma.com"
"Luis Javier ;Pinto;luisjavier.pinto@decopharma.com"
"Javier ;Garc�a de la Torre;comercial2@decopharma.com"
"Juan ;Gorostiza;jgorostiza@decopharma.com"
"Jos�  Manuel ;Molina;josemanuel.molina@decopharma.com"
"Javier ;Mu�oz;jmunoz@decopharma.com"
"Oscar;Sanz;�oscar.sanz@decopharma.com"
"Charo ;Puertollano;charo.puertollano@decopharma.com"
"Marta;Mart�n;mmartin@decopharma.com"
"Paco ;Gonzalo;finanzas3@decopharma.com"
