apellido1;apellido2;Nombre;mail
ERAZO;MORA;KARLA;erkaz_4_90@hotmail.com
VILCAGUANO;;NIXON;nixon_vil87@hotmail.com
RODRIGUEZ;GONZALEZ;JORGE;xavier_rodriguez2000@hotmail.com
DAVID;;CHICA;dechicav@hotmail.com
Flores;;Bryan;bwestrada@hotmail.com
Vasquez;;Juan;jdvasquezg@hotmail.com
ZAMBRANO;CHIRIGUAY;LUIS;luismzambranach@gmail.com
MORA;;PRISCILA;priscila_mora_c@hotamil.com
